task_id	expected_hit	stop_reason	think_balanced	repetition	checkpoint_mode	corrupt_after_first_think	first_think_closed_found	corrupt_min_step_effective	failure_reasons	last_line
aime2025_i_01	False	eos	False	False	think_end_mid	False	False	0	think不平衡；答案未命中；末行不是纯整数	Step 9: The nearest integer to $ S - 83093.5 $ is $ \boxed{250} $.
aime2025_i_02	False	eos	False	False	think_end_mid	False	False	0	think不平衡；答案未命中	1
aime2025_i_03	False	eos	False	True	think_end_mid	False	False	0	think不平衡；重复生成；答案未命中	336
aime2025_i_04	False	max_new_tokens	False	False	think_end_mid	False	False	0	截断(max_new_tokens)；think不平衡；答案未命中；末行不是纯整数	Step 4: Realizing that the area of quadrilateral ABCD can also be calculated as the sum of triangles ABC and ABD. However, since AC and BD a
aime2025_i_05	False	eos	False	True	think_end_mid	False	False	0	think不平衡；重复生成；答案未命中	4432
aime2025_i_06	False	eos	False	False	think_end_mid	False	False	0	think不平衡；答案未命中	0
aime2025_i_07	False	eos	False	False	think_end_mid	False	False	0	think不平衡；答案未命中	30
aime2025_i_08	False	max_new_tokens	False	False	think_end_mid	False	False	0	截断(max_new_tokens)；think不平衡；答案未命中；末行不是纯整数	a³ = [ (a + 4)/2 + 4a ] / 2 = [ (a + 4 + 8a)/2 ] / 2 = (9
aime2025_i_09	False	max_new_tokens	False	False	think_end_mid	False	False	0	截断(max_new_tokens)；think不平衡；答案未命中；末行不是纯整数	0**Final Answer**
aime2025_i_10	False	max_new_tokens	False	False	think_end_mid	False	False	0	截断(max_new_tokens)；think不平衡；答案未命中；末行不是纯整数	Step 14: Try another approach: Let 81a, 27b, and 3c be distinct. For example, set 81a = 3c → c = 27a, and 27b = 3c → b = c/9 = 3a. This give
aime2025_i_11	False	eos	False	False	think_end_mid	False	False	0	think不平衡；答案未命中	72
aime2025_i_12	False	max_new_tokens	False	False	think_end_mid	False	False	0	截断(max_new_tokens)；think不平衡；答案未命中；末行不是纯整数	sin(3C) = 3 sin C -4 sin³ C. But maybe better to express in terms of cos C. Alternatively, use sin(3C)/sin 2C = [sin(2C + C)]/sin 2C = [sin 
aime2025_i_13	False	eos	False	False	think_end_mid	False	False	0	think不平衡；答案未命中	17
aime2025_i_14	False	eos	False	False	think_end_mid	False	False	0	think不平衡；答案未命中	21
aime2025_i_15	False	eos	False	False	think_end_mid	False	False	0	think不平衡；答案未命中	23
aime2025_ii_01	False	eos	False	False	think_end_mid	False	False	0	think不平衡；答案未命中	385
aime2025_ii_02	False	eos	False	False	think_end_mid	False	False	0	think不平衡；答案未命中	2556
aime2025_ii_03	False	max_new_tokens	False	False	think_end_mid	False	False	0	截断(max_new_tokens)；think不平衡；答案未命中；末行不是纯整数	[1 + sqrt(5)] / 4 * 2? No, the solution is x = [1 + sqrt(5)] / 4 * 2? No, the solution is x = [1 + sqrt(5)] / 4 * 2? No, the solution is x =
aime2025_ii_04	False	eos	False	False	think_end_mid	False	False	0	think不平衡；答案未命中	15
aime2025_ii_05	False	eos	False	False	think_end_mid	False	False	0	think不平衡；答案未命中	61
aime2025_ii_06	False	eos	False	False	think_end_mid	False	False	0	think不平衡；答案未命中	0
aime2025_ii_07	False	max_new_tokens	False	False	think_end_mid	False	False	0	截断(max_new_tokens)；think不平衡；答案未命中；末行不是纯整数	The number of steps from n=1 to
aime2025_ii_08	False	max_new_tokens	False	False	think_end_mid	False	False	0	截断(max_new_tokens)；think不平衡；答案未命中；末行不是纯整数	Step 12: Try $ x = \frac{11}{3} $. $ x^2 = \frac{121}{9} \approx 13.444 $, $ k = 13 $. Equation: $ 3(13.444) + 13 \approx 40.333 + 13 = 53.3
aime2025_ii_09	False	eos	False	False	think_end_mid	False	False	0	think不平衡；答案未命中	1219
aime2025_ii_10	False	eos	False	True	think_end_mid	False	False	0	think不平衡；重复生成；答案未命中	110
aime2025_ii_11	False	max_new_tokens	False	False	think_end_mid	False	False	0	截断(max_new_tokens)；think不平衡；答案未命中；末行无数字	Alternatively, perhaps there's a pattern where each a_{n} is related
aime2025_ii_12	False	max_new_tokens	False	False	think_end_mid	False	False	0	截断(max_new_tokens)；think不平衡；答案未命中；末行不是纯整数	Step 9: The problem states that A, B, and O are collinear. Let me assume that O is between A and B. Then, OA = d, OB = e, and AB = d + e. Th
