task_id	expected_hit	stop_reason	think_balanced	repetition	removed_blocks	checkpoint_mode	corrupt_after_first_think	first_think_closed_found	corrupt_min_step_effective	reasons	last_line
aime2025_i_01	False	eos	False	False	2	think_end_mid	False	False	0	expected_miss|think_unbalanced|final_line_not_pure_integer	Step 9: The nearest integer to $ S - 83093.5 $ is $ \boxed{250} $.
aime2025_i_02	False	eos	False	False	2	think_end_mid	False	False	0	expected_miss|think_unbalanced	1
aime2025_i_03	False	eos	False	True	2	think_end_mid	False	False	0	expected_miss|think_unbalanced|repetition	336
aime2025_i_04	False	max_new_tokens	False	False	2	think_end_mid	False	False	0	expected_miss|truncated|think_unbalanced|final_line_not_pure_integer	Step 4: Realizing that the area of quadrilateral ABCD can also be calculated as the sum of triangles ABC and A
aime2025_i_05	False	eos	False	True	2	think_end_mid	False	False	0	expected_miss|think_unbalanced|repetition	4432
aime2025_i_06	False	eos	False	False	2	think_end_mid	False	False	0	expected_miss|think_unbalanced	0
aime2025_i_07	False	eos	False	False	2	think_end_mid	False	False	0	expected_miss|think_unbalanced	30
aime2025_i_08	False	max_new_tokens	False	False	2	think_end_mid	False	False	0	expected_miss|truncated|think_unbalanced|final_line_not_pure_integer	a³ = [ (a + 4)/2 + 4a ] / 2 = [ (a + 4 + 8a)/2 ] / 2 = (9
aime2025_i_09	False	max_new_tokens	False	False	2	think_end_mid	False	False	0	expected_miss|truncated|think_unbalanced|final_line_not_pure_integer	0**Final Answer**
aime2025_i_10	False	max_new_tokens	False	False	2	think_end_mid	False	False	0	expected_miss|truncated|think_unbalanced|final_line_not_pure_integer	Step 14: Try another approach: Let 81a, 27b, and 3c be distinct. For example, set 81a = 3c → c = 27a, and 27b 
aime2025_i_11	False	eos	False	False	2	think_end_mid	False	False	0	expected_miss|think_unbalanced	72
aime2025_i_12	False	max_new_tokens	False	False	2	think_end_mid	False	False	0	expected_miss|truncated|think_unbalanced|final_line_not_pure_integer	sin(3C) = 3 sin C -4 sin³ C. But maybe better to express in terms of cos C. Alternatively, use sin(3C)/sin 2C 
aime2025_i_13	False	eos	False	False	2	think_end_mid	False	False	0	expected_miss|think_unbalanced	17
aime2025_i_14	False	eos	False	False	2	think_end_mid	False	False	0	expected_miss|think_unbalanced	21
aime2025_i_15	False	eos	False	False	2	think_end_mid	False	False	0	expected_miss|think_unbalanced	23
aime2025_ii_01	False	eos	False	False	2	think_end_mid	False	False	0	expected_miss|think_unbalanced	385
aime2025_ii_02	False	eos	False	False	2	think_end_mid	False	False	0	expected_miss|think_unbalanced	2556
aime2025_ii_03	False	max_new_tokens	False	False	2	think_end_mid	False	False	0	expected_miss|truncated|think_unbalanced|final_line_not_pure_integer	[1 + sqrt(5)] / 4 * 2? No, the solution is x = [1 + sqrt(5)] / 4 * 2? No, the solution is x = [1 + sqrt(5)] / 
aime2025_ii_04	False	eos	False	False	2	think_end_mid	False	False	0	expected_miss|think_unbalanced	15
aime2025_ii_05	False	eos	False	False	2	think_end_mid	False	False	0	expected_miss|think_unbalanced	61
aime2025_ii_06	False	eos	False	False	2	think_end_mid	False	False	0	expected_miss|think_unbalanced	0
aime2025_ii_07	False	max_new_tokens	False	False	2	think_end_mid	False	False	0	expected_miss|truncated|think_unbalanced|final_line_not_pure_integer	The number of steps from n=1 to
aime2025_ii_08	False	max_new_tokens	False	False	2	think_end_mid	False	False	0	expected_miss|truncated|think_unbalanced|final_line_not_pure_integer	Step 12: Try $ x = \frac{11}{3} $. $ x^2 = \frac{121}{9} \approx 13.444 $, $ k = 13 $. Equation: $ 3(13.444) +
aime2025_ii_09	False	eos	False	False	2	think_end_mid	False	False	0	expected_miss|think_unbalanced	1219
aime2025_ii_10	False	eos	False	True	2	think_end_mid	False	False	0	expected_miss|think_unbalanced|repetition	110
aime2025_ii_11	False	max_new_tokens	False	False	2	think_end_mid	False	False	0	expected_miss|truncated|think_unbalanced|final_line_no_number	Alternatively, perhaps there's a pattern where each a_{n} is related
aime2025_ii_12	False	max_new_tokens	False	False	2	think_end_mid	False	False	0	expected_miss|truncated|think_unbalanced|final_line_not_pure_integer	Step 9: The problem states that A, B, and O are collinear. Let me assume that O is between A and B. Then, OA =
